lambda,count,bpp,mse,psnr,msssim
10,1000,0.1900386719587114,0.0012476567998237443,29.90554611034164,0.8516265439093113
25,1000,0.5540804098129272,0.000973684986893204,31.06640237810918,0.8791750665903092
50,1000,0.6490245161151886,0.0009370335071289446,31.25210615240412,0.8863058772385121
100,1000,1.444325924326579,0.0006730373506434262,32.7645795511463,0.9136700350344181
250,1000,2.300551212949753,0.0006058581528159266,33.24393440830532,0.9230776960253716
500,1000,2.96914816401667,0.0005831323446109309,33.45090297643673,0.9234163457155228
1000,1000,3.6593009666442873,0.0005663408987784351,33.602988726058435,0.925732744038105
10000,1000,4.799160988659329,0.0005935620414929872,33.380803112739294,0.9221917400956154
