lambda,count,bpp,psnr,msssim
10,1000,0.1900386716111501,29.905545748499318,0.851626538142562
25,1000,0.5540804098129272,31.066402332543024,0.879175074994564
50,1000,0.6490245161151886,31.252106021082273,0.886305873900652
100,1000,1.4443259241909452,32.764579445271785,0.9136700319945812
250,1000,2.3005512132210204,33.24393408796116,0.9230776986181736
500,1000,2.96914816401667,33.450903447118236,0.9234163483977318
1000,1000,3.6593009671868217,33.602988774562824,0.9257327462434769
10000,1000,4.799160988116793,33.3808032939652,0.9221917414069176
