bd_rate_psnr_pct,bd_psnr_db,bd_rate_mss_pct,bd_mss_diff
-62.3692438338672,0.98892366489876,-29.208739848929895,0.03839666552703441
