bd_rate_psnr_pct,bd_psnr_db,bd_rate_mss_pct,bd_mss_diff
0.04458290055229223,0.027791642245769795,-53.223351715765354,0.06277012858811437
