lambda,count,bpp,psnr,msssim
1000,1000,3.6593009671868217,33.602988813632,0.9257327445149421
10000,1000,4.799160988930597,33.380803572138795,0.9221917421221734
